EmployeeNumber,Age,BusinessTravel,DailyRate,Department,Education,EducationField,Gender,YearsSinceLastPromotion,YearsWithCurrManager,JobLevel,JobRole,JobSatisfaction,MonthlyIncome,MonthlyRate,PercentSalaryHike,PerformanceRating,TrainingTimesLastYear,WorkLifeBalance,Attrition
901,35,Travel_Frequently,662,Sales,4,Marketing,Female,3,2,2,Sales Executive,3,4614,23288,18,3,0,2,Yes
902,31,Travel_Rarely,330,Research & Development,4,Medical,Male,6,7,2,Manufacturing Director,3,6179,21057,15,3,3,2,Yes
903,27,Travel_Rarely,135,Research & Development,4,Life Sciences,Female,7,7,1,Research Scientist,3,2394,25681,13,3,2,3,Yes
904,49,Travel_Frequently,1475,Research & Development,2,Life Sciences,Male,1,3,2,Laboratory Technician,1,4284,22710,20,4,2,3,Yes
905,29,Travel_Frequently,337,Research & Development,1,Other,Female,7,7,3,Healthcare Representative,4,7553,22930,12,3,1,3,Yes
906,31,Travel_Frequently,667,Sales,4,Life Sciences,Female,0,0,1,Sales Representative,3,1359,16154,12,3,3,3,Yes
907,31,Travel_Rarely,202,Research & Development,3,Life Sciences,Female,0,0,1,Research Scientist,2,1261,22262,12,3,3,4,Yes
908,25,Travel_Rarely,383,Sales,2,Life Sciences,Male,2,2,1,Sales Representative,1,4400,15182,12,3,2,3,Yes
909,46,Travel_Rarely,377,Sales,3,Marketing,Male,4,3,3,Sales Executive,4,10096,15986,11,3,1,4,Yes
910,39,Non-Travel,592,Research & Development,3,Life Sciences,Female,0,0,1,Laboratory Technician,1,3646,17181,23,4,2,4,Yes
911,31,Travel_Frequently,1445,Research & Development,5,Life Sciences,Female,4,7,3,Manufacturing Director,2,7446,8931,11,3,2,3,Yes
912,31,Travel_Frequently,523,Research & Development,3,Life Sciences,Male,2,2,1,Laboratory Technician,4,3722,21081,13,3,2,1,Yes
913,34,Travel_Rarely,1107,Human Resources,4,Technical Degree,Female,2,2,1,Human Resources,3,2742,3072,15,3,0,3,Yes
914,28,Travel_Frequently,1496,Sales,3,Technical Degree,Male,1,2,1,Sales Representative,3,2909,15747,15,3,3,4,Yes
915,29,Travel_Frequently,115,Sales,3,Technical Degree,Female,0,0,2,Sales Executive,2,5765,17485,11,3,4,1,Yes
916,34,Travel_Rarely,790,Sales,4,Medical,Female,10,10,2,Sales Executive,2,4599,7815,23,4,2,4,Yes
917,24,Travel_Frequently,381,Research & Development,3,Medical,Male,0,0,1,Laboratory Technician,1,3172,16998,11,3,2,2,Yes
918,28,Travel_Frequently,289,Research & Development,2,Medical,Male,0,0,1,Laboratory Technician,1,2561,5355,11,3,2,2,Yes
919,29,Travel_Rarely,224,Research & Development,4,Technical Degree,Male,0,7,1,Research Scientist,1,2362,7568,13,3,2,1,Yes
920,40,Travel_Rarely,676,Research & Development,4,Life Sciences,Male,1,0,1,Laboratory Technician,1,2018,21831,14,3,3,1,Yes
921,31,Travel_Frequently,561,Research & Development,3,Life Sciences,Female,7,7,1,Research Scientist,3,4084,4156,12,3,2,1,Yes
922,30,Travel_Rarely,740,Sales,3,Life Sciences,Male,6,7,2,Sales Executive,1,9714,5323,11,3,4,3,Yes
923,35,Travel_Rarely,104,Research & Development,3,Life Sciences,Female,0,0,1,Laboratory Technician,1,2074,26619,12,3,2,3,Yes
924,53,Travel_Rarely,607,Research & Development,5,Technical Degree,Female,1,9,3,Manufacturing Director,4,10169,14618,16,3,4,3,Yes
925,38,Travel_Rarely,903,Research & Development,3,Medical,Male,1,4,2,Manufacturing Director,2,4855,7653,11,3,2,3,Yes
926,28,Travel_Rarely,329,Research & Development,3,Medical,Male,0,0,1,Laboratory Technician,2,2408,7324,17,3,3,3,Yes
927,18,Travel_Frequently,544,Sales,2,Medical,Female,0,0,1,Sales Representative,4,1569,18420,12,3,2,4,Yes
928,35,Travel_Rarely,737,Sales,3,Medical,Male,6,0,3,Sales Executive,1,10306,21530,17,3,3,3,Yes
929,35,Travel_Rarely,763,Sales,2,Medical,Male,2,2,2,Sales Executive,4,5440,22098,14,3,2,2,Yes
930,40,Travel_Rarely,1329,Research & Development,3,Life Sciences,Male,0,3,1,Laboratory Technician,1,2166,3339,14,3,3,1,Yes
931,35,Travel_Frequently,880,Sales,4,Other,Male,6,7,2,Sales Executive,4,4581,10414,24,4,2,4,Yes
932,23,Travel_Rarely,1320,Research & Development,1,Medical,Male,1,2,1,Laboratory Technician,3,3989,20586,11,3,2,3,Yes
933,48,Travel_Frequently,708,Sales,2,Medical,Female,7,7,1,Sales Representative,3,2655,11740,11,3,3,3,Yes
934,32,Travel_Rarely,1259,Research & Development,4,Life Sciences,Male,0,0,1,Laboratory Technician,2,1393,24852,12,3,2,3,Yes
935,23,Travel_Rarely,427,Sales,3,Life Sciences,Male,0,2,1,Sales Representative,4,2275,25103,21,4,2,3,Yes
936,24,Travel_Rarely,240,Human Resources,1,Human Resources,Male,0,0,1,Human Resources,3,1555,11585,11,3,2,3,Yes
937,47,Travel_Frequently,1093,Sales,3,Life Sciences,Male,14,10,4,Sales Executive,3,12936,24164,11,3,3,1,Yes
938,36,Travel_Rarely,1456,Sales,5,Marketing,Male,2,2,2,Sales Executive,1,6134,8658,13,3,3,3,Yes
939,32,Travel_Rarely,964,Sales,2,Life Sciences,Male,0,0,2,Sales Executive,2,6735,12147,15,3,2,3,Yes
940,30,Travel_Frequently,600,Human Resources,3,Human Resources,Female,1,2,1,Human Resources,4,2180,9732,11,3,0,2,Yes
941,29,Travel_Rarely,428,Sales,3,Marketing,Female,2,2,1,Sales Representative,2,2760,14630,13,3,3,3,Yes
942,33,Travel_Rarely,211,Sales,3,Life Sciences,Female,0,0,3,Sales Executive,1,8564,10092,20,4,2,2,Yes
943,31,Travel_Rarely,1079,Sales,4,Marketing,Male,0,0,3,Sales Executive,3,8161,19002,13,3,2,3,Yes
944,43,Travel_Frequently,807,Research & Development,3,Technical Degree,Male,0,0,1,Research Scientist,3,2437,15587,16,3,4,3,Yes
945,21,Travel_Rarely,337,Sales,1,Marketing,Male,1,0,1,Sales Representative,2,2679,4567,13,3,3,3,Yes
946,22,Travel_Rarely,1294,Research & Development,1,Medical,Female,0,0,1,Laboratory Technician,1,2398,15999,17,3,6,3,Yes
947,44,Travel_Frequently,429,Research & Development,2,Medical,Male,2,3,1,Research Scientist,2,2342,11092,12,3,2,2,Yes
948,35,Travel_Rarely,303,Sales,3,Life Sciences,Male,7,7,2,Sales Executive,4,5813,13492,18,3,2,3,Yes
949,34,Travel_Frequently,234,Research & Development,4,Life Sciences,Male,0,7,2,Laboratory Technician,1,5346,6208,17,3,3,2,Yes
950,37,Travel_Rarely,370,Research & Development,4,Medical,Male,0,8,2,Manufacturing Director,1,4213,4992,15,3,4,1,Yes
951,26,Travel_Rarely,920,Human Resources,2,Medical,Female,1,4,1,Human Resources,2,2148,6889,11,3,3,3,Yes
952,46,Travel_Rarely,261,Research & Development,2,Medical,Female,3,7,2,Healthcare Representative,2,8926,10842,22,4,2,4,Yes
953,31,Travel_Rarely,359,Human Resources,5,Human Resources,Male,0,0,1,Human Resources,1,2956,21495,17,3,4,3,Yes
954,29,Travel_Rarely,350,Human Resources,3,Human Resources,Male,2,0,1,Human Resources,1,2335,3157,15,3,3,3,Yes
955,32,Travel_Rarely,414,Sales,4,Marketing,Male,2,2,2,Sales Executive,2,9907,26186,12,3,3,2,Yes
956,29,Travel_Frequently,459,Research & Development,2,Life Sciences,Male,1,0,1,Research Scientist,4,2439,14753,24,4,3,2,Yes
957,46,Travel_Rarely,1254,Sales,3,Life Sciences,Female,0,7,3,Sales Executive,2,7314,14011,21,4,2,3,Yes
958,30,Travel_Rarely,945,Sales,3,Medical,Male,0,0,1,Sales Representative,4,1081,16019,13,3,3,2,Yes
959,22,Travel_Rarely,391,Research & Development,1,Life Sciences,Male,0,0,1,Research Scientist,2,2472,26092,23,4,2,3,Yes
960,34,Non-Travel,967,Research & Development,4,Technical Degree,Male,3,0,1,Research Scientist,1,2307,14460,23,4,2,3,Yes
961,56,Travel_Rarely,1162,Research & Development,2,Life Sciences,Male,1,0,1,Laboratory Technician,4,2587,10261,16,3,3,3,Yes
962,29,Travel_Frequently,746,Sales,3,Technical Degree,Male,0,0,1,Sales Representative,1,1091,10642,17,3,3,3,Yes
963,28,Travel_Rarely,1475,Sales,2,Marketing,Female,2,2,2,Sales Executive,3,9854,23352,11,3,0,3,Yes
964,32,Travel_Frequently,238,Research & Development,2,Life Sciences,Female,0,3,1,Research Scientist,3,2432,15318,14,3,2,3,Yes
965,27,Travel_Frequently,1337,Human Resources,3,Human Resources,Female,0,0,1,Human Resources,2,2863,19555,12,3,2,3,Yes
966,28,Travel_Rarely,1404,Research & Development,3,Technical Degree,Male,0,3,1,Laboratory Technician,4,2367,18779,12,3,2,2,Yes
967,31,Travel_Frequently,754,Sales,4,Marketing,Male,0,8,2,Sales Executive,4,5617,21075,11,3,4,3,Yes
968,53,Travel_Rarely,1168,Sales,4,Life Sciences,Male,2,2,3,Sales Executive,1,10448,5843,13,3,2,2,Yes
969,23,Travel_Frequently,638,Sales,3,Marketing,Male,1,0,1,Sales Representative,1,1790,26956,19,3,3,2,Yes
970,29,Travel_Rarely,1092,Research & Development,4,Medical,Male,2,2,1,Research Scientist,4,4787,26124,14,3,3,4,Yes
971,56,Travel_Rarely,310,Research & Development,2,Technical Degree,Male,9,8,1,Laboratory Technician,3,2339,3666,11,3,4,1,Yes
972,50,Travel_Frequently,878,Sales,4,Life Sciences,Male,0,1,2,Sales Executive,3,6728,14255,12,3,3,3,Yes
973,50,Travel_Rarely,410,Sales,3,Marketing,Male,2,0,3,Sales Executive,1,10854,16586,13,3,3,3,Yes
974,40,Travel_Rarely,884,Research & Development,3,Life Sciences,Female,14,12,3,Manufacturing Director,3,10435,25800,13,3,2,3,No
975,35,Non-Travel,208,Research & Development,4,Life Sciences,Female,2,9,2,Healthcare Representative,3,4148,12250,12,3,5,3,No
976,37,Travel_Rarely,671,Research & Development,3,Life Sciences,Male,0,2,2,Manufacturing Director,3,5768,26493,17,3,2,2,No
977,39,Travel_Frequently,711,Research & Development,3,Medical,Female,3,8,2,Manufacturing Director,3,5042,3140,13,3,2,1,No
978,45,Travel_Rarely,1329,Research & Development,2,Other,Female,3,9,2,Manufacturing Director,4,5770,5388,19,3,3,3,No
979,38,Travel_Rarely,397,Research & Development,2,Medical,Female,0,2,3,Manufacturing Director,3,7756,14199,19,3,6,4,No
980,37,Travel_Rarely,1470,Research & Development,3,Medical,Female,7,7,1,Research Scientist,2,3936,9953,11,3,2,1,No
981,40,Travel_Rarely,448,Research & Development,3,Life Sciences,Female,3,3,3,Manufacturing Director,4,7945,19948,15,3,2,2,No
982,44,Travel_Frequently,602,Human Resources,5,Human Resources,Male,0,2,2,Human Resources,4,5743,10503,11,3,3,3,No
983,48,Travel_Frequently,365,Research & Development,5,Medical,Male,2,2,4,Manager,4,15202,5602,25,4,3,3,No
984,24,Travel_Frequently,567,Research & Development,1,Technical Degree,Female,1,3,1,Research Scientist,4,3760,17218,13,3,2,3,No
985,27,Travel_Rarely,486,Research & Development,3,Medical,Female,0,2,1,Research Scientist,3,3517,22490,17,3,0,3,No
986,27,Travel_Frequently,591,Research & Development,3,Medical,Male,1,2,1,Research Scientist,4,2580,6297,13,3,0,2,No
987,29,Travel_Rarely,469,Sales,3,Medical,Male,1,4,2,Sales Executive,3,5869,23413,11,3,2,3,No
988,36,Travel_Rarely,711,Research & Development,4,Life Sciences,Female,0,2,3,Healthcare Representative,1,8008,22792,12,3,6,3,No
989,25,Travel_Frequently,772,Research & Development,1,Life Sciences,Male,0,7,2,Manufacturing Director,3,5206,4973,17,3,6,3,No
990,39,Travel_Rarely,492,Research & Development,3,Medical,Male,1,0,2,Manufacturing Director,2,5295,7693,21,4,3,3,No
991,49,Travel_Rarely,301,Research & Development,4,Other,Female,1,2,4,Research Director,2,16413,3498,16,3,2,3,No
992,50,Travel_Rarely,813,Research & Development,5,Life Sciences,Female,1,11,3,Research Director,1,13269,21981,15,3,3,3,No
993,20,Travel_Rarely,1141,Sales,3,Medical,Female,2,2,1,Sales Representative,3,2783,13251,19,3,3,3,No
994,34,Travel_Rarely,1130,Research & Development,3,Life Sciences,Female,7,9,2,Research Scientist,2,5433,19332,12,3,2,3,No
995,36,Travel_Rarely,311,Research & Development,3,Life Sciences,Male,1,3,1,Laboratory Technician,2,2013,10950,11,3,4,3,No
996,49,Travel_Rarely,465,Research & Development,1,Life Sciences,Female,2,12,4,Healthcare Representative,3,13966,11652,19,3,3,3,No
997,36,Non-Travel,894,Research & Development,4,Medical,Female,1,2,2,Manufacturing Director,3,4374,15411,15,3,6,3,No
998,36,Travel_Rarely,1040,Research & Development,2,Life Sciences,Male,0,4,2,Healthcare Representative,1,6842,26308,20,4,3,3,No
999,54,Travel_Rarely,584,Research & Development,5,Medical,Female,4,7,4,Manager,3,17426,18685,25,4,6,3,No
1000,43,Travel_Rarely,1291,Research & Development,2,Life Sciences,Male,6,11,4,Research Director,3,17603,3525,24,4,3,3,No
1001,38,Travel_Frequently,1189,Research & Development,3,Life Sciences,Male,2,9,2,Research Scientist,4,4735,9867,15,3,4,4,No
1002,29,Travel_Rarely,991,Sales,3,Medical,Male,0,9,2,Sales Executive,2,4187,3356,13,3,3,2,No
1003,33,Travel_Rarely,392,Sales,4,Medical,Male,0,4,2,Sales Executive,4,5505,3921,14,3,5,3,No
1004,32,Travel_Rarely,977,Research & Development,3,Medical,Male,1,6,2,Research Scientist,2,5470,25518,13,3,4,2,No
1005,31,Travel_Rarely,1112,Sales,4,Life Sciences,Female,0,2,2,Sales Executive,4,5476,22589,11,3,2,3,No
1006,49,Travel_Rarely,464,Research & Development,3,Medical,Female,2,2,1,Laboratory Technician,1,2587,24941,16,3,2,2,No
1007,38,Travel_Frequently,148,Research & Development,3,Medical,Female,3,3,1,Laboratory Technician,2,2440,23826,22,4,3,3,No
1008,47,Travel_Rarely,1225,Sales,4,Life Sciences,Female,1,2,4,Manager,2,15972,21086,14,3,2,3,No
1009,49,Travel_Rarely,809,Research & Development,3,Life Sciences,Male,0,0,4,Manager,3,15379,22384,14,3,2,3,No
1010,41,Travel_Rarely,1206,Sales,2,Life Sciences,Male,0,2,3,Sales Executive,3,7082,11591,16,3,2,3,No
1011,20,Travel_Rarely,727,Sales,1,Life Sciences,Male,0,2,1,Sales Representative,1,2728,21082,11,3,3,3,No
1012,33,Non-Travel,530,Sales,3,Life Sciences,Female,1,2,2,Sales Executive,4,5368,16130,25,4,2,3,No
1013,36,Travel_Rarely,1351,Research & Development,4,Life Sciences,Male,0,2,2,Healthcare Representative,3,5347,7419,14,3,2,2,No
1014,44,Travel_Rarely,528,Human Resources,3,Life Sciences,Female,2,2,1,Human Resources,4,3195,4167,18,3,2,3,No
1015,38,Travel_Rarely,1495,Research & Development,2,Medical,Female,0,0,1,Laboratory Technician,3,3306,26176,19,3,5,2,No
1016,53,Travel_Rarely,1395,Research & Development,4,Medical,Male,1,2,3,Healthcare Representative,4,7005,3458,15,3,2,3,No
1017,26,Non-Travel,786,Research & Development,3,Medical,Male,5,7,1,Laboratory Technician,4,2570,11925,20,4,5,3,No
1018,55,Travel_Rarely,1441,Research & Development,3,Technical Degree,Male,1,2,1,Research Scientist,2,3537,23737,12,3,1,3,No
1019,34,Travel_Rarely,1157,Research & Development,2,Medical,Male,4,13,2,Laboratory Technician,4,3986,11912,14,3,3,4,No
1020,60,Travel_Rarely,370,Research & Development,4,Medical,Male,0,0,3,Healthcare Representative,4,10883,20467,20,4,2,4,No
1021,33,Travel_Rarely,267,Research & Development,3,Medical,Male,2,13,1,Laboratory Technician,2,2028,13637,18,3,6,3,No
1022,37,Travel_Frequently,1278,Sales,4,Medical,Male,1,3,2,Sales Executive,4,9525,7677,14,3,2,2,No
1023,34,Travel_Rarely,678,Research & Development,3,Life Sciences,Female,8,7,1,Research Scientist,4,2929,20338,12,3,3,3,No
1024,44,Travel_Rarely,921,Research & Development,3,Life Sciences,Female,6,7,3,Healthcare Representative,4,7879,14810,19,3,2,3,No
1025,35,Travel_Frequently,146,Research & Development,4,Medical,Male,1,4,1,Research Scientist,4,4930,13970,14,3,2,4,No
1026,43,Travel_Rarely,1179,Sales,3,Medical,Male,8,8,2,Sales Executive,4,7847,6069,17,3,3,3,No
1027,24,Travel_Rarely,581,Research & Development,3,Medical,Male,0,4,1,Research Scientist,3,4401,17616,16,3,1,3,No
1028,41,Travel_Rarely,918,Sales,3,Marketing,Male,8,7,3,Sales Executive,3,9241,15869,12,3,3,3,No
1029,29,Travel_Rarely,1082,Research & Development,4,Medical,Female,1,2,1,Laboratory Technician,3,2974,25412,17,3,2,3,No
1030,36,Travel_Rarely,530,Sales,4,Life Sciences,Female,6,7,2,Sales Representative,4,4502,7439,15,3,2,2,No
1031,45,Non-Travel,1238,Research & Development,1,Life Sciences,Male,14,4,3,Healthcare Representative,3,10748,3395,23,4,3,2,No
1032,26,Travel_Rarely,390,Research & Development,4,Medical,Male,0,2,1,Laboratory Technician,3,2305,6217,15,3,3,4,No
1033,45,Travel_Rarely,1005,Research & Development,2,Technical Degree,Female,8,6,4,Research Director,2,16704,17119,11,3,2,3,No
1034,32,Travel_Frequently,585,Research & Development,3,Life Sciences,Male,1,3,1,Research Scientist,3,3433,17360,13,3,3,2,No
1035,31,Travel_Rarely,741,Research & Development,4,Life Sciences,Male,0,3,1,Laboratory Technician,3,3477,18103,14,3,2,4,No
1036,41,Non-Travel,552,Human Resources,3,Human Resources,Male,1,2,2,Human Resources,2,6430,20794,19,3,4,3,No
1037,40,Travel_Rarely,369,Research & Development,2,Life Sciences,Female,0,0,2,Manufacturing Director,1,6516,5041,16,3,3,3,No
1038,24,Travel_Rarely,506,Research & Development,1,Medical,Male,1,2,1,Laboratory Technician,1,3907,3622,13,3,2,4,No
1039,46,Travel_Rarely,717,Research & Development,4,Life Sciences,Male,0,9,2,Healthcare Representative,2,5562,9697,14,3,3,3,No
1040,35,Travel_Rarely,1370,Research & Development,4,Life Sciences,Male,0,7,2,Manufacturing Director,3,6883,5151,16,3,3,3,No
1041,30,Travel_Rarely,793,Research & Development,1,Life Sciences,Male,0,8,1,Research Scientist,4,2862,3811,12,3,2,2,No
1042,47,Non-Travel,543,Sales,4,Marketing,Male,0,0,2,Sales Executive,2,4978,3536,11,3,3,1,No
1043,46,Travel_Rarely,1277,Sales,3,Life Sciences,Male,0,3,3,Sales Executive,4,10368,5596,12,3,5,2,No
1044,23,Travel_Rarely,160,Research & Development,1,Medical,Female,1,2,1,Laboratory Technician,2,3295,12862,13,3,3,1,No
1045,31,Travel_Frequently,163,Research & Development,1,Technical Degree,Female,1,4,2,Manufacturing Director,4,5238,6670,20,4,3,2,No
1046,39,Non-Travel,792,Research & Development,3,Life Sciences,Male,5,8,2,Laboratory Technician,4,6472,8989,15,3,2,3,No
1047,32,Travel_Rarely,371,Sales,3,Life Sciences,Male,0,2,3,Sales Executive,3,9610,3840,13,3,2,1,No
1048,40,Travel_Rarely,611,Sales,4,Medical,Male,12,8,5,Manager,2,19833,4349,14,3,3,2,No
1049,45,Travel_Rarely,176,Human Resources,3,Life Sciences,Female,0,3,3,Human Resources,3,9756,6595,21,4,2,4,No
1050,30,Travel_Frequently,1312,Research & Development,4,Technical Degree,Female,0,7,1,Research Scientist,1,4968,26427,16,3,2,3,No
1051,24,Travel_Frequently,897,Human Resources,3,Medical,Male,2,1,1,Human Resources,4,2145,2097,14,3,2,3,No
1052,31,Travel_Rarely,1003,Sales,3,Technical Degree,Male,0,2,2,Sales Executive,3,8346,20943,19,3,3,3,No
1053,27,Travel_Rarely,1054,Research & Development,3,Medical,Female,1,4,1,Research Scientist,4,3445,6152,11,3,5,2,No
1054,29,Travel_Frequently,461,Research & Development,3,Life Sciences,Male,0,2,2,Healthcare Representative,3,6294,23060,12,3,5,4,No
1055,30,Travel_Rarely,979,Sales,2,Marketing,Male,1,7,3,Sales Executive,1,7140,3088,11,3,2,3,No
1056,34,Travel_Rarely,181,Research & Development,4,Medical,Male,1,2,1,Research Scientist,4,2932,5586,14,3,3,3,No
1057,33,Non-Travel,1283,Sales,3,Marketing,Female,1,7,2,Sales Executive,2,5147,10697,15,3,2,2,No
1058,49,Travel_Rarely,1313,Sales,4,Marketing,Female,0,4,2,Sales Executive,4,4507,8191,12,3,1,4,No
1059,38,Travel_Frequently,594,Research & Development,2,Medical,Female,0,5,1,Laboratory Technician,2,2468,15963,14,3,4,2,No
1060,29,Travel_Rarely,590,Research & Development,3,Technical Degree,Female,0,0,1,Research Scientist,1,2109,10007,13,3,2,3,No
1061,30,Travel_Rarely,305,Research & Development,3,Life Sciences,Male,1,7,2,Healthcare Representative,3,5294,9128,16,3,3,3,No
1062,32,Non-Travel,953,Research & Development,4,Technical Degree,Male,0,7,1,Research Scientist,2,2718,17674,14,3,3,3,No
1063,38,Travel_Rarely,833,Research & Development,3,Medical,Male,1,0,2,Healthcare Representative,4,5811,24539,16,3,2,3,No
1064,42,Travel_Rarely,855,Research & Development,3,Medical,Male,0,4,1,Laboratory Technician,2,2766,8952,22,4,6,2,No
1065,55,Travel_Rarely,478,Research & Development,3,Medical,Male,0,0,5,Research Director,1,19038,19805,12,3,2,3,No
1066,33,Non-Travel,775,Research & Development,3,Technical Degree,Male,1,7,2,Research Scientist,2,3055,6194,15,3,2,2,No
1067,41,Travel_Rarely,548,Research & Development,4,Life Sciences,Male,0,4,1,Laboratory Technician,1,2289,20520,20,4,2,3,No
1068,34,Non-Travel,1375,Sales,3,Life Sciences,Male,0,7,2,Sales Executive,3,4001,12313,14,3,3,3,No
1069,53,Non-Travel,661,Research & Development,4,Medical,Female,0,2,4,Manufacturing Director,3,12965,22308,20,4,2,2,No
1070,43,Travel_Rarely,244,Human Resources,3,Life Sciences,Male,1,8,1,Human Resources,4,3539,5033,13,3,5,3,No
1071,34,Travel_Rarely,511,Sales,2,Life Sciences,Female,2,2,2,Sales Executive,4,6029,25353,12,3,3,3,No
1072,38,Travel_Rarely,1153,Research & Development,2,Other,Female,0,4,1,Laboratory Technician,3,3702,16376,11,3,3,3,No
1073,31,Travel_Rarely,196,Sales,4,Marketing,Female,5,7,2,Sales Executive,4,5468,13402,14,3,3,3,No
1074,51,Travel_Rarely,942,Research & Development,3,Technical Degree,Female,2,2,3,Manager,3,13116,22984,11,3,2,3,No
1075,37,Travel_Rarely,589,Sales,2,Marketing,Male,0,3,2,Sales Executive,2,4189,8800,14,3,2,3,No
1076,46,Travel_Rarely,734,Research & Development,4,Medical,Male,2,2,5,Research Director,4,19328,14218,17,3,3,3,No
1077,36,Travel_Rarely,1383,Research & Development,3,Life Sciences,Male,5,7,3,Healthcare Representative,1,8321,25949,13,3,1,3,No
1078,37,Travel_Rarely,1239,Human Resources,2,Other,Male,4,7,2,Human Resources,2,4071,12832,13,3,4,2,No
1079,33,Travel_Rarely,867,Research & Development,4,Life Sciences,Male,7,6,1,Research Scientist,1,3143,6076,19,3,1,3,No
1080,28,Travel_Rarely,1181,Research & Development,3,Life Sciences,Male,0,3,1,Research Scientist,4,2044,5531,11,3,6,4,No
1081,39,Travel_Rarely,1253,Research & Development,1,Medical,Male,2,2,3,Research Director,3,13464,7914,21,4,3,3,No
1082,46,Non-Travel,849,Sales,2,Life Sciences,Male,2,2,2,Sales Executive,2,7991,25166,15,3,3,3,No
1083,40,Travel_Rarely,616,Research & Development,2,Life Sciences,Female,0,2,1,Laboratory Technician,1,3377,25605,17,3,5,2,No
1084,42,Travel_Rarely,1128,Research & Development,3,Medical,Male,0,0,2,Healthcare Representative,1,5538,5696,18,3,2,2,No
1085,35,Non-Travel,1180,Research & Development,2,Medical,Male,1,7,2,Manufacturing Director,4,5762,24442,14,3,6,3,No
1086,38,Non-Travel,1336,Human Resources,3,Human Resources,Male,3,8,1,Human Resources,2,2592,7129,13,3,3,3,No
1087,39,Travel_Frequently,766,Sales,3,Life Sciences,Male,2,2,2,Sales Executive,4,4127,19188,18,3,6,3,No
1088,43,Non-Travel,343,Research & Development,3,Life Sciences,Male,1,2,1,Research Scientist,3,2438,24978,13,3,2,2,No
1089,41,Travel_Rarely,447,Research & Development,3,Life Sciences,Male,1,2,2,Healthcare Representative,2,6870,15530,12,3,3,1,No
1090,41,Travel_Rarely,796,Sales,1,Marketing,Female,13,5,3,Sales Executive,3,10447,26458,13,3,3,4,No
1091,30,Travel_Rarely,1092,Research & Development,3,Medical,Female,0,2,3,Manufacturing Director,3,9667,2739,14,3,3,3,No
1092,40,Travel_Rarely,1194,Research & Development,3,Life Sciences,Female,0,3,2,Healthcare Representative,4,6513,9060,17,3,3,3,No
1093,34,Travel_Rarely,810,Sales,2,Technical Degree,Male,4,8,2,Sales Executive,3,6799,22128,21,4,5,3,No
1094,58,Non-Travel,350,Sales,3,Medical,Male,14,14,4,Manager,2,16291,22577,22,4,0,2,No
1095,35,Travel_Rarely,185,Research & Development,4,Medical,Male,0,3,1,Laboratory Technician,3,2705,9696,16,3,2,4,No
1096,47,Travel_Rarely,1001,Research & Development,3,Life Sciences,Female,14,10,3,Manufacturing Director,2,10333,19271,12,3,4,3,No
1097,40,Travel_Rarely,750,Research & Development,3,Life Sciences,Female,7,7,2,Healthcare Representative,1,4448,10748,12,3,3,3,No
1098,54,Travel_Rarely,431,Research & Development,4,Medical,Female,1,7,2,Research Scientist,4,6854,15696,15,3,2,2,No
1099,31,Travel_Frequently,1125,Sales,4,Marketing,Female,2,2,3,Sales Executive,1,9637,8277,14,3,3,3,No
1100,28,Travel_Rarely,1217,Research & Development,3,Medical,Female,1,2,1,Research Scientist,1,3591,12719,25,4,3,3,No
1101,38,Travel_Rarely,723,Sales,4,Marketing,Female,0,3,2,Sales Representative,4,5405,4244,20,4,4,2,No
1102,26,Travel_Rarely,572,Sales,3,Medical,Male,1,2,2,Sales Executive,4,4684,9125,13,3,4,3,No
1103,58,Travel_Frequently,1216,Research & Development,4,Life Sciences,Male,2,2,4,Research Director,3,15787,21624,14,3,3,3,No
1104,18,Non-Travel,1431,Research & Development,3,Medical,Female,0,0,1,Research Scientist,3,1514,8018,16,3,4,1,No
1105,45,Non-Travel,589,Sales,4,Life Sciences,Female,5,7,2,Sales Executive,3,5154,19665,22,4,3,4,No
1106,36,Travel_Rarely,430,Research & Development,4,Other,Female,0,0,2,Research Scientist,2,6962,19573,22,4,2,3,No
1107,43,Travel_Frequently,1422,Sales,4,Life Sciences,Male,7,7,2,Sales Executive,4,5675,19246,20,4,5,3,No
1108,27,Travel_Frequently,1297,Research & Development,2,Life Sciences,Female,0,2,1,Laboratory Technician,4,2379,19826,14,3,3,2,No
1109,29,Travel_Frequently,574,Research & Development,1,Medical,Male,3,10,1,Laboratory Technician,4,3812,7003,13,3,3,4,No
1110,32,Travel_Frequently,1318,Sales,4,Marketing,Male,0,0,2,Sales Executive,4,4648,26075,13,3,2,4,No
1111,42,Non-Travel,355,Research & Development,4,Technical Degree,Male,3,3,1,Research Scientist,3,2936,6161,22,4,1,2,No
1112,47,Travel_Rarely,207,Research & Development,4,Life Sciences,Female,2,0,1,Laboratory Technician,3,2105,5411,12,3,2,3,No
1113,46,Travel_Rarely,706,Research & Development,2,Life Sciences,Male,4,7,3,Manufacturing Director,4,8578,19989,14,3,4,2,No
1114,28,Non-Travel,280,Human Resources,2,Life Sciences,Male,2,2,1,Human Resources,4,2706,10494,15,3,2,3,No
1115,29,Travel_Rarely,726,Research & Development,1,Life Sciences,Male,1,6,2,Healthcare Representative,3,6384,21143,17,3,3,3,No
1116,42,Travel_Rarely,1142,Research & Development,3,Life Sciences,Male,0,0,1,Laboratory Technician,3,3968,13624,13,3,3,3,No
1117,46,Travel_Rarely,1319,Sales,3,Technical Degree,Female,2,8,4,Sales Executive,1,13225,7739,12,3,5,3,No
1118,27,Travel_Rarely,728,Sales,1,Medical,Female,5,8,2,Sales Representative,3,3540,7018,21,4,5,3,No
1119,29,Travel_Rarely,352,Human Resources,1,Medical,Male,0,0,1,Human Resources,2,2804,15434,11,3,3,3,No
1120,43,Travel_Rarely,823,Research & Development,3,Medical,Female,6,14,5,Manager,3,19392,22539,13,3,2,3,No
1121,48,Travel_Rarely,1224,Research & Development,3,Life Sciences,Male,12,9,5,Research Director,2,19665,13583,12,3,3,3,No
1122,27,Travel_Frequently,1131,Research & Development,3,Life Sciences,Female,7,3,1,Research Scientist,1,4774,23844,19,3,2,2,No
1123,39,Travel_Rarely,835,Research & Development,4,Other,Male,2,2,2,Research Scientist,4,3902,5141,14,3,2,3,No
1124,55,Travel_Rarely,836,Research & Development,4,Technical Degree,Male,0,4,1,Research Scientist,4,2662,7975,20,4,2,4,No
1125,28,Travel_Rarely,1172,Sales,3,Medical,Female,0,0,1,Sales Representative,2,2856,3692,19,3,3,3,No
1126,36,Travel_Rarely,1266,Sales,4,Technical Degree,Female,1,7,2,Sales Executive,3,5673,6060,13,3,4,3,No
1127,31,Travel_Rarely,311,Research & Development,3,Life Sciences,Male,0,2,2,Laboratory Technician,3,4197,18624,11,3,2,3,No
1128,34,Travel_Rarely,1480,Sales,3,Life Sciences,Male,1,0,3,Sales Executive,4,9713,24444,13,3,3,3,No
1129,29,Travel_Rarely,592,Research & Development,3,Life Sciences,Male,1,2,1,Laboratory Technician,1,2062,19384,14,3,2,3,No
1130,37,Travel_Rarely,783,Research & Development,4,Medical,Male,0,4,2,Research Scientist,1,4284,13588,22,4,2,3,No
1131,35,Travel_Rarely,219,Research & Development,2,Other,Female,0,2,2,Manufacturing Director,2,4788,25388,11,3,2,3,No
1132,45,Travel_Rarely,556,Research & Development,2,Life Sciences,Female,3,8,2,Manufacturing Director,4,5906,23888,13,3,2,2,No
1133,36,Travel_Frequently,1213,Human Resources,1,Human Resources,Male,0,8,2,Human Resources,4,3886,4223,21,4,2,2,No
1134,40,Travel_Rarely,1137,Research & Development,4,Life Sciences,Male,11,16,4,Manager,1,16823,18991,11,3,3,3,No
1135,26,Travel_Rarely,482,Research & Development,2,Life Sciences,Female,1,0,1,Research Scientist,3,2933,14908,13,3,3,2,No
1136,27,Travel_Rarely,511,Sales,2,Medical,Female,0,7,2,Sales Executive,3,6500,26997,14,3,5,2,No
1137,48,Travel_Frequently,117,Research & Development,3,Medical,Female,4,7,4,Manager,4,17174,2437,11,3,3,3,No
1138,44,Travel_Rarely,170,Research & Development,4,Life Sciences,Male,2,2,2,Healthcare Representative,1,5033,9364,15,3,5,3,No
1139,36,Travel_Rarely,335,Sales,2,Marketing,Male,1,3,2,Sales Executive,2,5507,16822,16,3,1,1,No
1140,41,Travel_Rarely,337,Sales,3,Marketing,Female,1,4,2,Sales Executive,2,4393,26841,21,4,3,3,No
1141,42,Travel_Rarely,1396,Research & Development,3,Medical,Male,5,7,3,Research Director,1,13348,14842,13,3,3,4,No
1142,31,Travel_Rarely,1079,Sales,2,Medical,Female,1,4,2,Sales Executive,4,6583,20115,11,3,2,3,No
1143,34,Travel_Rarely,735,Sales,1,Medical,Female,0,1,2,Sales Executive,4,8103,16495,12,3,3,2,No
1144,31,Travel_Rarely,471,Research & Development,3,Medical,Female,2,2,1,Laboratory Technician,3,3978,16031,12,3,0,2,No
1145,26,Travel_Frequently,1096,Research & Development,3,Other,Male,7,7,1,Laboratory Technician,4,2544,7102,18,3,3,3,No
1146,45,Travel_Frequently,1297,Research & Development,4,Medical,Male,0,3,2,Healthcare Representative,3,5399,14511,12,3,3,3,No
1147,33,Travel_Rarely,217,Sales,4,Marketing,Male,0,9,2,Sales Executive,3,5487,10410,14,3,2,2,No
1148,28,Travel_Frequently,783,Sales,2,Life Sciences,Male,0,7,2,Sales Executive,4,6834,19255,12,3,2,3,No
1149,39,Non-Travel,1251,Sales,4,Life Sciences,Female,1,2,2,Sales Executive,3,5736,3987,19,3,1,3,No
1150,27,Travel_Rarely,1354,Research & Development,4,Technical Degree,Male,1,2,1,Research Scientist,2,2226,6073,11,3,3,2,No
1151,34,Travel_Frequently,735,Research & Development,4,Other,Male,6,11,2,Research Scientist,4,5747,26496,15,3,3,3,No
1152,47,Non-Travel,1169,Research & Development,4,Technical Degree,Male,1,7,2,Research Scientist,2,5467,2125,18,3,4,4,No
1153,56,Travel_Rarely,1443,Sales,5,Marketing,Female,0,0,2,Sales Executive,1,5380,20328,16,3,3,3,No
1154,39,Travel_Rarely,867,Research & Development,2,Medical,Male,7,9,2,Manufacturing Director,1,5151,12315,25,4,3,3,No
1155,38,Travel_Frequently,1394,Research & Development,3,Medical,Female,0,7,2,Research Scientist,2,2133,18115,16,3,3,3,No
1156,58,Travel_Rarely,605,Sales,3,Life Sciences,Female,0,0,4,Manager,4,17875,11761,13,3,2,2,No
1157,38,Travel_Rarely,1206,Research & Development,2,Life Sciences,Male,0,3,1,Research Scientist,4,4771,14293,19,3,0,4,No
1158,49,Travel_Frequently,1064,Research & Development,1,Life Sciences,Male,4,3,5,Research Director,4,19161,13738,15,3,3,3,No
1159,42,Travel_Rarely,419,Sales,4,Marketing,Male,0,0,2,Sales Executive,4,5087,2900,12,3,4,3,No
1160,35,Travel_Rarely,682,Sales,4,Medical,Male,0,4,2,Sales Executive,1,5561,15975,16,3,2,1,No
1161,28,Non-Travel,1103,Research & Development,3,Medical,Male,1,4,1,Research Scientist,3,2144,2122,14,3,3,2,No
1162,31,Non-Travel,976,Research & Development,2,Medical,Male,2,3,1,Research Scientist,1,3065,3995,13,3,3,4,No
1163,36,Non-Travel,1351,Research & Development,4,Life Sciences,Male,0,2,1,Laboratory Technician,2,2810,9238,22,4,3,3,No
1164,34,Travel_Rarely,937,Sales,3,Marketing,Male,2,1,3,Sales Executive,4,9888,6770,21,4,3,2,No
1165,34,Travel_Rarely,1239,Sales,4,Medical,Male,1,1,3,Sales Executive,3,8628,22914,18,3,2,2,No
1166,26,Travel_Rarely,157,Research & Development,3,Medical,Male,7,6,1,Laboratory Technician,1,2867,20006,13,3,6,2,No
1167,29,Travel_Rarely,136,Research & Development,3,Life Sciences,Male,0,2,2,Healthcare Representative,1,5373,6225,12,3,5,2,No
1168,32,Non-Travel,1146,Research & Development,4,Medical,Female,1,2,2,Healthcare Representative,4,6667,16542,18,3,6,3,No
1169,31,Travel_Frequently,1125,Research & Development,3,Life Sciences,Male,8,7,2,Research Scientist,1,5003,5771,21,4,6,3,No
1170,38,Travel_Rarely,1404,Sales,3,Life Sciences,Male,0,0,1,Sales Representative,1,2858,11473,14,3,3,2,No
1171,35,Travel_Rarely,1224,Sales,4,Life Sciences,Female,0,9,2,Sales Executive,4,5204,13586,11,3,2,3,No
1172,27,Travel_Rarely,954,Sales,3,Marketing,Male,0,7,2,Sales Executive,4,4105,5099,14,3,5,3,No
1173,32,Travel_Rarely,1373,Research & Development,4,Life Sciences,Male,0,0,2,Manufacturing Director,4,9679,10138,24,4,1,3,No
1174,54,Travel_Rarely,155,Research & Development,2,Life Sciences,Female,2,3,2,Research Scientist,3,2897,22474,11,3,6,2,No
1175,33,Travel_Frequently,1303,Research & Development,2,Life Sciences,Male,2,8,2,Healthcare Representative,3,5968,18079,20,4,2,3,No
1176,43,Travel_Rarely,574,Research & Development,3,Life Sciences,Male,0,9,3,Healthcare Representative,3,7510,16873,17,3,1,3,No
1177,38,Travel_Frequently,1444,Human Resources,4,Other,Male,1,2,1,Human Resources,2,2991,5224,11,3,2,3,No
1178,55,Travel_Rarely,189,Human Resources,4,Human Resources,Male,1,4,5,Manager,2,19636,25811,18,3,0,3,No
1179,31,Travel_Rarely,1276,Research & Development,1,Medical,Female,0,0,1,Laboratory Technician,4,1129,17536,11,3,4,3,No
1180,39,Travel_Rarely,119,Sales,4,Marketing,Male,11,10,4,Sales Executive,1,13341,25098,12,3,3,3,No
1181,42,Non-Travel,335,Research & Development,2,Life Sciences,Male,3,7,2,Research Scientist,3,4332,14811,12,3,2,3,No
1182,31,Non-Travel,697,Research & Development,3,Medical,Female,4,8,3,Research Director,3,11031,26862,20,4,2,4,No
1183,54,Travel_Rarely,157,Research & Development,3,Medical,Female,1,4,2,Manufacturing Director,1,4440,25198,19,3,3,3,No
1184,24,Travel_Rarely,771,Research & Development,2,Life Sciences,Male,1,2,2,Healthcare Representative,3,4617,14120,12,3,2,2,No
1185,23,Travel_Rarely,571,Research & Development,2,Other,Male,1,4,1,Laboratory Technician,4,2647,13672,13,3,6,4,No
1186,40,Travel_Frequently,692,Research & Development,3,Technical Degree,Female,9,4,2,Laboratory Technician,3,6323,26849,11,3,2,4,No
1187,40,Travel_Rarely,444,Sales,2,Marketing,Female,5,10,2,Sales Executive,2,5677,4258,14,3,4,3,No
1188,25,Travel_Rarely,309,Human Resources,3,Human Resources,Female,1,2,1,Human Resources,2,2187,19655,14,3,3,3,No
1189,30,Travel_Rarely,911,Research & Development,2,Medical,Male,1,7,1,Laboratory Technician,2,3748,4077,13,3,6,2,No
1190,25,Travel_Rarely,977,Research & Development,1,Other,Male,0,2,1,Laboratory Technician,3,3977,7298,19,3,2,2,No
1191,47,Travel_Rarely,1180,Research & Development,3,Medical,Male,12,11,3,Healthcare Representative,3,8633,13084,23,4,3,3,No
1192,33,Non-Travel,1313,Research & Development,2,Medical,Male,0,0,1,Laboratory Technician,3,2008,20439,12,3,2,2,No
1193,38,Travel_Rarely,1321,Sales,4,Life Sciences,Male,5,8,2,Sales Executive,2,4440,7636,15,3,3,3,No
1194,31,Travel_Rarely,1154,Sales,2,Life Sciences,Male,1,2,1,Sales Representative,3,3067,6393,19,3,1,3,No
1195,38,Travel_Frequently,508,Research & Development,4,Life Sciences,Male,7,7,2,Manufacturing Director,3,5321,14284,11,3,1,3,No
1196,42,Travel_Rarely,557,Research & Development,4,Life Sciences,Male,1,2,2,Research Scientist,1,5410,11189,17,3,3,2,No
1197,41,Travel_Rarely,642,Research & Development,3,Life Sciences,Male,1,0,1,Research Scientist,4,2782,21412,22,4,3,3,No
1198,47,Non-Travel,1162,Research & Development,1,Medical,Female,5,12,3,Research Director,2,11957,17231,18,3,3,1,No
1199,35,Travel_Rarely,1490,Research & Development,4,Medical,Male,2,2,1,Laboratory Technician,3,2660,20232,11,3,3,3,No
1200,22,Travel_Rarely,581,Research & Development,2,Life Sciences,Male,1,2,1,Research Scientist,3,3375,17624,12,3,2,4,No
1201,35,Travel_Rarely,1395,Research & Development,4,Medical,Male,0,8,2,Research Scientist,3,5098,18698,19,3,5,3,No
1202,33,Travel_Rarely,501,Research & Development,2,Medical,Female,8,1,2,Healthcare Representative,4,4878,21653,13,3,6,3,No
1203,32,Travel_Rarely,267,Research & Development,4,Life Sciences,Female,4,1,1,Laboratory Technician,2,2837,15919,13,3,3,3,No
1204,40,Travel_Rarely,543,Research & Development,4,Life Sciences,Male,0,0,1,Laboratory Technician,4,2406,4060,19,3,3,2,No
1205,32,Travel_Rarely,234,Sales,4,Medical,Male,2,2,1,Sales Representative,2,2269,18024,14,3,2,3,No
1206,39,Travel_Rarely,116,Research & Development,1,Life Sciences,Male,1,7,2,Research Scientist,4,4108,5340,13,3,2,3,No
1207,38,Travel_Rarely,201,Research & Development,3,Medical,Female,1,11,3,Research Director,3,13206,3376,12,3,3,3,No
1208,32,Travel_Rarely,801,Sales,4,Marketing,Female,5,7,3,Sales Executive,4,10422,24032,19,3,3,3,No
1209,37,Travel_Rarely,161,Research & Development,3,Life Sciences,Female,6,8,3,Research Director,4,13744,15471,25,4,2,3,No
1210,25,Travel_Rarely,1382,Sales,2,Other,Female,0,4,2,Sales Executive,3,4907,13684,22,4,3,2,No
1211,52,Non-Travel,585,Sales,4,Life Sciences,Male,0,0,1,Sales Representative,4,3482,19788,15,3,3,2,No
1212,44,Travel_Rarely,1037,Research & Development,3,Medical,Male,1,2,1,Research Scientist,4,2436,13422,12,3,2,3,No
1213,21,Travel_Rarely,501,Sales,1,Medical,Male,1,2,1,Sales Representative,1,2380,25479,11,3,6,3,No
1214,39,Non-Travel,105,Research & Development,3,Life Sciences,Male,1,3,5,Manager,4,19431,15302,13,3,3,2,No
1215,36,Travel_Rarely,557,Sales,3,Medical,Female,3,4,3,Sales Executive,4,7644,12695,19,3,2,3,No
1216,36,Travel_Frequently,688,Research & Development,2,Life Sciences,Female,0,2,2,Manufacturing Director,2,5131,9192,13,3,3,3,No
1217,56,Non-Travel,667,Research & Development,4,Life Sciences,Male,1,9,2,Healthcare Representative,3,6306,26236,21,4,2,2,No
1218,42,Travel_Rarely,300,Research & Development,3,Life Sciences,Male,4,14,5,Manager,3,18880,17312,11,3,2,2,No
1219,41,Travel_Rarely,582,Research & Development,4,Life Sciences,Female,0,10,4,Manufacturing Director,2,13570,5640,23,4,3,3,No
1220,34,Travel_Rarely,704,Sales,3,Marketing,Female,1,7,2,Sales Executive,3,6712,8978,21,4,2,3,No
1221,36,Non-Travel,301,Sales,4,Marketing,Male,11,11,2,Sales Executive,4,5406,10436,24,4,4,2,No
1222,41,Travel_Rarely,930,Sales,3,Life Sciences,Male,0,4,2,Sales Executive,2,8938,12227,11,3,5,3,No
1223,32,Travel_Rarely,529,Research & Development,3,Technical Degree,Male,1,2,1,Research Scientist,1,2439,11288,14,3,4,3,No
1224,35,Travel_Rarely,1146,Human Resources,4,Life Sciences,Female,1,7,3,Human Resources,4,8837,16642,16,3,2,3,No
1225,38,Travel_Rarely,345,Sales,2,Life Sciences,Female,1,9,2,Sales Executive,4,5343,5982,11,3,1,3,No
1226,36,Travel_Rarely,1120,Sales,4,Marketing,Female,0,0,2,Sales Executive,4,6652,14369,13,3,2,2,No
1227,45,Travel_Rarely,374,Sales,3,Life Sciences,Female,0,1,2,Sales Executive,3,4850,23333,15,3,3,3,No
1228,40,Travel_Rarely,1322,Research & Development,4,Life Sciences,Male,2,2,1,Research Scientist,3,2809,2725,14,3,2,3,No
1229,35,Travel_Frequently,1199,Research & Development,4,Life Sciences,Male,0,2,2,Healthcare Representative,3,5689,24594,14,3,2,4,No
1230,40,Travel_Rarely,1194,Research & Development,4,Medical,Female,0,2,1,Research Scientist,3,2001,12549,14,3,2,3,No
1231,35,Travel_Rarely,287,Research & Development,4,Life Sciences,Female,1,1,1,Research Scientist,4,2977,8952,12,3,5,3,No
1232,29,Travel_Rarely,1378,Research & Development,2,Other,Male,0,3,2,Laboratory Technician,2,4025,23679,13,3,2,3,No
1233,29,Travel_Rarely,468,Research & Development,4,Medical,Female,0,4,1,Research Scientist,1,3785,8489,14,3,3,1,No
1234,39,Travel_Rarely,722,Sales,1,Marketing,Female,9,6,4,Sales Executive,4,12031,8828,11,3,2,2,No
1235,31,Non-Travel,325,Research & Development,3,Medical,Male,1,7,2,Manufacturing Director,1,9936,3787,19,3,2,3,No
1236,26,Travel_Rarely,1167,Sales,3,Other,Female,0,0,1,Sales Representative,3,2966,21378,18,3,2,3,No
1237,36,Travel_Frequently,884,Research & Development,2,Medical,Male,0,3,2,Laboratory Technician,4,2571,12290,17,3,3,3,No
1238,39,Travel_Rarely,613,Research & Development,1,Medical,Male,1,7,3,Healthcare Representative,1,9991,21457,15,3,5,3,No
1239,27,Travel_Rarely,155,Research & Development,3,Life Sciences,Male,0,3,2,Manufacturing Director,2,6142,5174,20,4,0,3,No
1240,49,Travel_Frequently,1023,Sales,3,Medical,Male,0,8,2,Sales Executive,2,5390,13243,14,3,3,2,No
1241,34,Travel_Rarely,628,Research & Development,3,Medical,Male,1,2,2,Laboratory Technician,3,4404,10228,12,3,3,4,No
1242,35,Travel_Rarely,1214,Research & Development,3,Medical,Male,0,4,1,Research Scientist,3,2859,26278,18,3,3,3,No
1243,55,Travel_Rarely,111,Sales,2,Life Sciences,Male,1,0,3,Sales Executive,4,10239,18092,14,3,4,3,No
1244,38,Non-Travel,573,Research & Development,3,Medical,Female,1,9,2,Research Scientist,4,5329,15717,12,3,3,3,No
1245,34,Travel_Rarely,1153,Research & Development,2,Medical,Male,1,3,2,Manufacturing Director,2,4325,17736,15,3,2,3,No
1246,56,Travel_Rarely,1400,Research & Development,3,Life Sciences,Male,0,2,3,Manufacturing Director,4,7260,21698,11,3,3,2,No
1247,23,Travel_Rarely,541,Sales,1,Technical Degree,Male,0,0,1,Sales Representative,1,2322,9518,13,3,3,3,No
1248,51,Travel_Rarely,432,Research & Development,4,Life Sciences,Male,0,3,1,Laboratory Technician,4,2075,18725,23,4,4,3,No
1249,30,Travel_Rarely,288,Research & Development,3,Life Sciences,Male,10,8,2,Healthcare Representative,4,4152,15830,19,3,3,3,No
1250,40,Travel_Frequently,530,Research & Development,4,Life Sciences,Male,11,11,4,Healthcare Representative,2,13503,14115,22,4,3,2,No
1251,51,Travel_Rarely,632,Sales,4,Marketing,Male,1,0,2,Sales Executive,4,5441,8423,22,4,2,1,No
1252,30,Travel_Rarely,1334,Sales,2,Medical,Female,2,7,2,Sales Executive,2,5209,19760,12,3,4,2,No
1253,46,Travel_Frequently,638,Research & Development,3,Medical,Male,9,5,3,Healthcare Representative,1,10673,3142,13,3,5,2,No
1254,32,Travel_Rarely,1093,Sales,4,Medical,Male,5,7,2,Sales Executive,3,5010,24301,16,3,0,3,No
1255,54,Travel_Rarely,1217,Research & Development,4,Technical Degree,Female,0,3,3,Research Director,3,13549,24001,12,3,5,1,No
1256,24,Travel_Rarely,1353,Sales,2,Other,Female,0,2,2,Sales Executive,3,4999,17519,21,4,2,2,No
1257,28,Non-Travel,120,Sales,3,Medical,Male,0,4,2,Sales Executive,3,4221,8863,15,3,3,4,No
1258,58,Travel_Rarely,682,Sales,4,Medical,Male,1,8,4,Sales Executive,3,13872,24409,13,3,1,2,No
1259,44,Non-Travel,489,Research & Development,3,Medical,Male,1,2,2,Laboratory Technician,2,2042,25043,12,3,3,4,No
1260,32,Travel_Rarely,827,Research & Development,1,Life Sciences,Male,0,0,1,Research Scientist,1,2956,15178,13,3,2,3,No
1261,34,Travel_Rarely,665,Research & Development,4,Other,Female,2,10,2,Research Scientist,3,4809,12482,14,3,3,3,No
1262,37,Non-Travel,1040,Research & Development,2,Life Sciences,Male,0,0,2,Healthcare Representative,4,5163,15850,14,3,2,4,No
1263,59,Non-Travel,1420,Human Resources,4,Human Resources,Female,2,2,5,Manager,4,18844,21922,21,4,3,3,No
1264,50,Travel_Frequently,1115,Research & Development,3,Life Sciences,Female,0,7,5,Research Director,2,18172,9755,19,3,1,2,No
1265,25,Travel_Rarely,1280,Research & Development,1,Medical,Male,2,1,1,Research Scientist,4,2889,26897,11,3,2,3,No
1266,22,Travel_Rarely,534,Research & Development,3,Medical,Female,0,0,1,Laboratory Technician,4,2871,23785,15,3,5,3,No
1267,51,Travel_Frequently,1456,Research & Development,4,Medical,Female,12,8,3,Healthcare Representative,1,7484,25796,20,4,1,2,No
1268,54,Non-Travel,142,Human Resources,3,Human Resources,Female,4,4,4,Manager,4,17328,13871,12,3,3,3,No
1269,24,Travel_Rarely,1127,Research & Development,1,Life Sciences,Male,1,2,1,Laboratory Technician,3,2774,13257,12,3,2,3,No
1270,34,Travel_Rarely,1031,Research & Development,4,Life Sciences,Female,0,0,2,Research Scientist,2,4505,15000,15,3,3,3,No
1271,37,Travel_Rarely,1189,Sales,3,Life Sciences,Male,1,3,3,Sales Executive,4,7428,14506,12,3,3,3,No
1272,34,Travel_Rarely,1354,Research & Development,3,Medical,Female,5,8,3,Manager,1,11631,5615,12,3,6,3,No
1273,36,Travel_Frequently,1467,Sales,2,Technical Degree,Female,2,8,3,Sales Executive,4,9738,22952,14,3,6,3,No
1274,36,Travel_Rarely,922,Research & Development,2,Life Sciences,Female,0,0,1,Laboratory Technician,4,2835,2561,22,4,2,3,No
1275,43,Travel_Frequently,394,Sales,2,Life Sciences,Male,4,12,4,Manager,4,16959,19494,12,3,3,4,No
1276,30,Travel_Frequently,1312,Research & Development,3,Life Sciences,Male,0,9,1,Research Scientist,3,2613,22310,25,4,2,2,No
1277,33,Non-Travel,750,Sales,2,Marketing,Male,0,7,2,Sales Executive,2,6146,15480,13,3,2,4,No
1278,51,Travel_Rarely,684,Research & Development,3,Life Sciences,Male,15,15,5,Research Director,3,19537,6462,13,3,5,3,No
1279,26,Travel_Rarely,841,Research & Development,3,Other,Female,4,3,1,Research Scientist,2,2368,23300,19,3,3,2,No
1280,22,Travel_Rarely,594,Research & Development,1,Technical Degree,Male,2,1,1,Laboratory Technician,4,2523,19299,14,3,2,3,No
1281,49,Travel_Rarely,470,Research & Development,4,Medical,Female,5,11,2,Manufacturing Director,1,6567,5549,14,3,2,2,No
1282,43,Travel_Frequently,957,Research & Development,3,Medical,Female,1,2,1,Research Scientist,3,4739,16090,12,3,2,3,No
1283,50,Travel_Frequently,809,Sales,3,Marketing,Female,2,1,3,Sales Executive,4,9208,6645,11,3,3,3,No
1284,41,Travel_Rarely,802,Sales,1,Life Sciences,Male,0,7,3,Sales Executive,3,8189,21196,13,3,2,3,No
1285,26,Travel_Rarely,1355,Human Resources,1,Life Sciences,Female,5,7,1,Human Resources,3,2942,8916,23,4,3,3,No
1286,36,Travel_Rarely,216,Research & Development,2,Medical,Male,0,1,2,Manufacturing Director,2,4941,2819,20,4,0,3,No
1287,39,Travel_Rarely,1329,Sales,4,Life Sciences,Female,5,9,2,Sales Executive,3,5902,14590,14,3,1,4,No
1288,25,Travel_Rarely,959,Sales,3,Life Sciences,Male,2,2,2,Sales Executive,3,8639,24835,18,3,3,3,No
1289,30,Travel_Rarely,1240,Human Resources,3,Human Resources,Male,4,7,2,Human Resources,4,6347,13982,19,3,2,1,No
1290,45,Travel_Rarely,1316,Research & Development,3,Medical,Male,0,3,1,Research Scientist,4,3452,9752,13,3,2,2,No
1291,38,Travel_Rarely,364,Research & Development,5,Technical Degree,Female,2,2,2,Research Scientist,3,4317,2302,20,4,2,3,No
1292,30,Travel_Rarely,438,Research & Development,3,Life Sciences,Female,0,4,1,Research Scientist,3,2632,23910,14,3,4,2,No
1293,32,Travel_Frequently,689,Sales,2,Medical,Male,0,7,2,Sales Executive,4,4668,22812,17,3,2,4,No
1294,30,Travel_Rarely,201,Research & Development,3,Technical Degree,Female,2,2,1,Research Scientist,1,3204,10415,14,3,3,3,No
1295,30,Travel_Rarely,1427,Research & Development,1,Medical,Male,1,2,1,Laboratory Technician,4,2720,11162,13,3,3,3,No
1296,41,Travel_Frequently,857,Research & Development,3,Life Sciences,Male,7,7,4,Manager,1,17181,12888,13,3,2,2,No
1297,41,Travel_Rarely,933,Research & Development,4,Life Sciences,Male,1,4,1,Laboratory Technician,1,2238,6961,21,4,2,3,No
1298,19,Travel_Rarely,1181,Research & Development,1,Medical,Female,0,0,1,Laboratory Technician,2,1483,16102,14,3,3,3,No
1299,34,Travel_Frequently,303,Sales,4,Marketing,Female,1,2,1,Sales Representative,3,2231,11314,18,3,3,3,No
1300,22,Travel_Rarely,1256,Research & Development,1,Medical,Male,2,2,1,Research Scientist,4,2323,11992,24,4,6,3,No
1301,27,Non-Travel,691,Research & Development,3,Medical,Male,2,2,1,Research Scientist,2,2024,5970,18,3,1,1,No
1302,28,Travel_Rarely,440,Research & Development,3,Medical,Male,0,2,1,Research Scientist,4,2713,6672,11,3,2,1,No
1303,57,Travel_Rarely,334,Research & Development,2,Life Sciences,Male,1,4,3,Healthcare Representative,4,9439,23402,16,3,2,1,No
1304,27,Non-Travel,1450,Research & Development,3,Medical,Male,0,1,1,Research Scientist,3,2566,25326,15,3,2,2,No
1305,50,Travel_Rarely,1452,Research & Development,3,Life Sciences,Female,4,4,5,Manager,2,19926,17053,15,3,5,3,No
1306,41,Travel_Rarely,465,Research & Development,3,Life Sciences,Male,1,8,1,Research Scientist,3,2451,4609,12,3,2,3,No
1307,30,Travel_Rarely,1339,Sales,3,Life Sciences,Female,7,4,3,Sales Executive,4,9419,8053,12,3,2,3,No
1308,38,Travel_Rarely,702,Sales,4,Life Sciences,Female,0,7,2,Sales Executive,4,8686,12930,22,4,2,4,No
1309,32,Travel_Rarely,120,Research & Development,5,Life Sciences,Male,1,4,1,Research Scientist,3,3038,12430,20,4,2,3,No
1310,27,Travel_Rarely,1157,Research & Development,3,Technical Degree,Male,1,1,1,Research Scientist,2,3058,13364,16,3,3,2,No
1311,36,Travel_Frequently,1480,Research & Development,2,Medical,Male,7,2,1,Laboratory Technician,2,2088,15062,12,3,3,2,No
1312,30,Non-Travel,111,Research & Development,3,Medical,Male,6,10,2,Laboratory Technician,1,3072,11012,11,3,4,3,No
1313,45,Travel_Rarely,1268,Sales,2,Life Sciences,Female,0,3,2,Sales Executive,1,5006,6319,11,3,3,4,No
1314,56,Travel_Rarely,713,Research & Development,3,Life Sciences,Female,2,2,1,Research Scientist,1,4257,13939,18,3,3,3,No
1315,33,Travel_Rarely,134,Research & Development,3,Life Sciences,Male,0,2,1,Research Scientist,4,2500,10515,14,3,2,4,No
1316,46,Travel_Rarely,526,Sales,2,Marketing,Female,15,7,3,Sales Executive,1,10453,2137,25,4,2,3,No
1317,38,Travel_Rarely,1380,Research & Development,2,Life Sciences,Female,2,1,1,Laboratory Technician,4,2288,6319,12,3,3,3,No
1318,31,Travel_Rarely,140,Research & Development,1,Medical,Female,0,2,1,Research Scientist,4,3929,6984,23,4,0,3,No
1319,34,Travel_Rarely,629,Research & Development,2,Medical,Female,1,2,1,Research Scientist,2,2311,5711,15,3,3,3,No
1320,50,Travel_Rarely,328,Research & Development,3,Medical,Male,0,2,1,Laboratory Technician,3,3690,3425,15,3,2,2,No
1321,53,Travel_Rarely,1084,Research & Development,2,Medical,Female,1,3,2,Manufacturing Director,1,4450,26250,11,3,3,3,No
1322,33,Travel_Rarely,931,Research & Development,3,Medical,Female,1,6,1,Research Scientist,2,2756,4673,13,3,5,3,No
1323,40,Travel_Rarely,989,Research & Development,1,Medical,Female,9,9,5,Manager,3,19033,6499,14,3,2,3,No
1324,55,Travel_Rarely,692,Research & Development,4,Medical,Male,2,15,5,Research Director,2,18722,13339,11,3,3,3,No
1325,34,Travel_Frequently,1069,Research & Development,1,Life Sciences,Male,1,9,2,Manufacturing Director,3,9547,14074,17,3,2,2,No
1326,51,Travel_Rarely,313,Research & Development,3,Medical,Female,1,0,4,Healthcare Representative,2,13734,7192,18,3,6,3,No
1327,52,Travel_Rarely,699,Research & Development,4,Life Sciences,Male,11,9,5,Manager,3,19999,5678,14,3,5,3,No
1328,27,Travel_Rarely,894,Research & Development,3,Medical,Female,0,3,1,Research Scientist,2,2279,11781,16,3,2,2,No
1329,43,Non-Travel,1344,Research & Development,3,Medical,Male,2,2,1,Research Scientist,4,2089,5228,14,3,3,4,No
1330,45,Non-Travel,1195,Research & Development,2,Medical,Male,11,8,4,Manager,4,16792,20462,23,4,1,3,No
1331,37,Travel_Rarely,290,Research & Development,3,Life Sciences,Male,1,7,1,Research Scientist,1,3564,22977,12,3,3,2,No
1332,35,Travel_Frequently,138,Research & Development,3,Medical,Female,1,2,2,Laboratory Technician,2,4425,15986,11,3,5,3,No
1333,42,Non-Travel,926,Research & Development,2,Medical,Female,0,2,2,Manufacturing Director,3,5265,16439,16,3,5,3,No
1334,38,Travel_Rarely,1261,Research & Development,4,Life Sciences,Male,0,0,2,Manufacturing Director,3,6553,7259,14,3,3,3,No
1335,38,Travel_Rarely,1084,Research & Development,3,Technical Degree,Male,1,7,2,Manufacturing Director,4,6261,4185,18,3,3,1,No
1336,27,Travel_Frequently,472,Research & Development,1,Technical Degree,Male,2,0,2,Manufacturing Director,1,4298,9679,19,3,1,3,No
1337,49,Non-Travel,1002,Research & Development,4,Life Sciences,Male,1,7,2,Manufacturing Director,4,6804,23793,15,3,0,3,No
1338,34,Travel_Frequently,878,Research & Development,4,Medical,Male,2,0,1,Research Scientist,3,3815,5972,17,3,4,4,No
1339,40,Travel_Rarely,905,Research & Development,2,Medical,Male,3,7,2,Laboratory Technician,4,2741,16523,15,3,2,4,No
1340,22,Travel_Rarely,1136,Research & Development,3,Life Sciences,Male,2,2,1,Research Scientist,2,2328,12392,16,3,2,2,No
1341,36,Travel_Frequently,635,Research & Development,1,Medical,Female,1,7,1,Laboratory Technician,4,2153,7703,13,3,2,3,No
1342,40,Non-Travel,1151,Research & Development,5,Life Sciences,Male,0,2,2,Healthcare Representative,4,4876,14242,14,3,5,1,No
1343,46,Travel_Rarely,644,Research & Development,4,Medical,Male,0,3,3,Healthcare Representative,1,9396,12368,16,3,3,3,No
1344,30,Non-Travel,829,Research & Development,1,Life Sciences,Male,5,8,3,Manufacturing Director,3,8474,20925,22,4,2,3,No
1345,27,Travel_Frequently,1242,Sales,3,Life Sciences,Female,0,7,2,Sales Executive,3,9981,12916,14,3,2,3,No
1346,51,Travel_Rarely,1469,Research & Development,4,Life Sciences,Male,4,7,3,Research Director,2,12490,15736,16,3,5,1,No
1347,41,Travel_Rarely,896,Sales,3,Life Sciences,Female,0,0,3,Manager,4,13591,14674,18,3,3,3,No
1348,45,Non-Travel,1052,Sales,3,Medical,Female,12,8,3,Sales Executive,4,8865,16840,12,3,2,3,No
1349,54,Travel_Rarely,1147,Sales,3,Marketing,Female,0,5,2,Sales Executive,1,5940,17011,14,3,4,3,No
1350,36,Travel_Rarely,1396,Research & Development,2,Life Sciences,Male,3,7,2,Laboratory Technician,2,5914,9945,16,3,3,4,No
1351,33,Travel_Rarely,147,Research & Development,4,Medical,Female,1,1,1,Research Scientist,2,2622,13248,21,4,3,3,No
1352,37,Travel_Frequently,663,Research & Development,3,Other,Male,0,7,3,Research Director,4,12185,10056,14,3,1,3,No
1353,38,Travel_Rarely,119,Sales,3,Life Sciences,Male,5,13,3,Sales Executive,3,10609,9647,12,3,6,2,No
1354,31,Non-Travel,979,Research & Development,4,Medical,Male,1,4,2,Manufacturing Director,3,4345,4381,12,3,2,3,No
1355,59,Travel_Rarely,142,Research & Development,3,Life Sciences,Male,0,0,1,Research Scientist,4,2177,8456,17,3,6,3,No
1356,37,Travel_Frequently,319,Sales,4,Marketing,Male,5,8,1,Sales Representative,4,2793,2539,17,3,2,3,No
1357,29,Travel_Frequently,1413,Sales,1,Medical,Female,4,1,3,Sales Executive,4,7918,6599,14,3,5,3,No
1358,35,Travel_Frequently,944,Sales,3,Marketing,Female,0,8,3,Sales Executive,3,8789,9096,14,3,3,4,No
1359,52,Travel_Rarely,1323,Research & Development,3,Life Sciences,Female,2,2,1,Laboratory Technician,4,3212,3300,15,3,3,2,No
1360,42,Travel_Rarely,532,Research & Development,2,Technical Degree,Male,11,15,5,Manager,4,19232,4933,11,3,3,3,No
1361,59,Travel_Rarely,818,Human Resources,2,Medical,Male,2,2,1,Human Resources,3,2267,25657,17,3,2,2,No
1362,50,Travel_Rarely,854,Sales,4,Medical,Female,0,6,5,Manager,4,19517,24118,11,3,3,2,No
1363,43,Travel_Rarely,1034,Sales,3,Marketing,Female,1,9,4,Manager,4,16064,7744,22,4,3,3,No
1364,52,Non-Travel,771,Sales,4,Life Sciences,Male,15,12,5,Manager,3,19068,21030,18,3,2,4,No
1365,32,Travel_Rarely,1401,Sales,2,Life Sciences,Female,1,2,1,Sales Representative,2,3931,20990,11,3,5,3,No
1366,39,Travel_Rarely,1431,Research & Development,4,Medical,Female,1,2,1,Laboratory Technician,3,2232,15417,14,3,1,3,No
1367,32,Non-Travel,976,Sales,4,Marketing,Male,2,2,2,Sales Executive,4,4465,12069,18,3,2,3,No
1368,41,Travel_Rarely,1411,Research & Development,2,Life Sciences,Male,0,0,2,Research Scientist,1,3072,19877,16,3,2,2,No
1369,40,Travel_Rarely,1300,Research & Development,2,Technical Degree,Male,4,7,2,Research Scientist,4,3319,24447,17,3,3,3,No
1370,45,Travel_Rarely,252,Research & Development,3,Other,Male,1,7,5,Manager,4,19202,15970,11,3,2,3,No
1371,31,Travel_Frequently,1327,Research & Development,4,Medical,Male,2,2,3,Research Director,3,13675,13523,12,3,3,3,No
1372,33,Travel_Rarely,832,Research & Development,4,Life Sciences,Female,0,2,1,Research Scientist,4,2911,14776,13,3,2,2,No
1373,34,Travel_Rarely,470,Research & Development,4,Life Sciences,Male,5,9,2,Manufacturing Director,1,5957,23687,13,3,3,3,No
1374,37,Travel_Rarely,1017,Research & Development,2,Medical,Female,0,2,1,Research Scientist,1,3920,18697,14,3,2,2,No
1375,45,Travel_Frequently,1199,Research & Development,4,Life Sciences,Male,0,2,2,Manufacturing Director,3,6434,5118,17,3,1,3,No
1376,39,Travel_Frequently,505,Research & Development,4,Technical Degree,Female,11,8,3,Healthcare Representative,3,10938,6420,25,4,1,3,No
1377,29,Travel_Rarely,665,Research & Development,3,Life Sciences,Male,1,5,1,Research Scientist,4,2340,22673,19,3,1,3,No
1378,42,Travel_Rarely,916,Research & Development,2,Life Sciences,Female,0,2,2,Research Scientist,1,6545,23016,13,3,1,3,No
1379,29,Travel_Rarely,1247,Sales,2,Marketing,Male,0,2,2,Sales Executive,4,6931,10732,14,3,2,3,No
1380,25,Travel_Rarely,685,Research & Development,3,Life Sciences,Female,1,2,2,Manufacturing Director,3,4898,7505,12,3,3,3,No
1381,42,Travel_Rarely,269,Research & Development,3,Medical,Female,7,8,1,Laboratory Technician,1,2593,8007,11,3,4,3,No
1382,40,Travel_Rarely,1416,Research & Development,2,Medical,Male,3,9,5,Research Director,3,19436,5949,19,3,5,3,No
1383,51,Travel_Rarely,833,Research & Development,3,Life Sciences,Male,0,0,1,Research Scientist,4,2723,23231,11,3,0,2,No
1384,32,Travel_Frequently,1311,Research & Development,3,Life Sciences,Male,0,3,1,Laboratory Technician,2,2794,26062,20,4,3,1,No
1385,28,Travel_Rarely,1158,Research & Development,3,Medical,Male,0,4,1,Research Scientist,4,2070,2613,23,4,3,2,No
1386,37,Travel_Rarely,228,Sales,4,Medical,Male,0,1,2,Sales Executive,4,6502,22825,14,3,5,4,No
1387,21,Travel_Rarely,996,Research & Development,2,Medical,Male,1,0,1,Research Scientist,3,3230,10531,17,3,4,4,No
1388,37,Non-Travel,728,Research & Development,4,Medical,Female,0,2,3,Research Director,4,13603,11677,18,3,2,3,No
1389,35,Travel_Rarely,1315,Research & Development,3,Life Sciences,Female,6,2,3,Manager,2,11996,19100,18,3,6,2,No
1390,38,Travel_Rarely,322,Sales,2,Medical,Female,7,7,2,Sales Executive,1,5605,19191,24,4,3,3,No
1391,26,Travel_Frequently,1479,Research & Development,3,Life Sciences,Female,1,4,2,Manufacturing Director,2,6397,26767,20,4,6,1,No
1392,50,Travel_Rarely,797,Research & Development,1,Life Sciences,Male,1,6,5,Research Director,2,19144,15815,14,3,4,2,No
1393,53,Travel_Rarely,1070,Research & Development,4,Medical,Male,1,3,4,Research Director,3,17584,21016,16,3,5,2,No
1394,42,Travel_Rarely,635,Sales,1,Life Sciences,Male,11,6,2,Sales Executive,3,4907,24532,25,4,3,3,No
1395,29,Travel_Frequently,442,Sales,2,Life Sciences,Male,0,9,2,Sales Executive,4,4554,20260,18,3,3,2,No
1396,55,Travel_Rarely,147,Research & Development,2,Technical Degree,Male,0,8,2,Laboratory Technician,4,5415,15972,19,3,4,3,No
1397,26,Travel_Frequently,496,Research & Development,2,Medical,Male,3,3,2,Healthcare Representative,1,4741,22722,13,3,3,3,No
1398,37,Travel_Rarely,1372,Research & Development,3,Life Sciences,Female,5,7,1,Research Scientist,4,2115,15881,12,3,3,3,No
1399,38,Travel_Rarely,688,Research & Development,4,Life Sciences,Male,1,2,2,Healthcare Representative,4,5745,18899,14,3,2,3,No
1400,28,Travel_Rarely,1117,Research & Development,2,Life Sciences,Female,0,2,1,Research Scientist,4,3310,4488,21,4,3,3,No
1401,49,Travel_Frequently,636,Research & Development,4,Life Sciences,Female,1,2,5,Research Director,1,18665,25594,11,3,4,3,No
1402,36,Travel_Rarely,506,Research & Development,3,Technical Degree,Male,7,7,2,Research Scientist,2,4485,26285,12,3,2,3,No
1403,31,Travel_Frequently,444,Sales,3,Marketing,Female,2,2,1,Sales Representative,2,2789,3909,11,3,5,2,No
1404,37,Travel_Frequently,889,Research & Development,3,Medical,Male,1,2,1,Research Scientist,4,2326,11411,12,3,3,2,No
1405,42,Travel_Frequently,555,Sales,3,Marketing,Female,4,8,4,Sales Executive,2,13525,14864,14,3,2,4,No
1406,35,Travel_Rarely,1232,Sales,3,Marketing,Male,6,9,3,Sales Executive,2,8020,5100,15,3,3,2,No
1407,36,Travel_Frequently,566,Research & Development,4,Life Sciences,Male,0,0,1,Laboratory Technician,4,3688,7122,18,3,2,3,No
1408,51,Travel_Rarely,1302,Research & Development,3,Medical,Male,1,2,2,Manufacturing Director,2,5482,16321,18,3,3,3,No
1409,41,Travel_Rarely,334,Sales,4,Life Sciences,Male,0,4,4,Manager,2,16015,15896,19,3,2,3,No
1410,18,Travel_Rarely,812,Sales,3,Medical,Female,0,0,1,Sales Representative,3,1200,9724,12,3,2,3,No
1411,28,Travel_Rarely,1476,Research & Development,2,Medical,Male,0,7,2,Healthcare Representative,1,5661,4824,19,3,2,3,No
1412,31,Travel_Rarely,218,Sales,3,Technical Degree,Male,7,7,2,Sales Executive,4,6929,12241,11,3,3,2,No
1413,39,Travel_Rarely,1132,Research & Development,3,Medical,Male,3,7,3,Healthcare Representative,4,9613,10942,17,3,5,2,No
1414,36,Non-Travel,1105,Research & Development,4,Life Sciences,Female,0,8,2,Laboratory Technician,2,5674,6927,15,3,3,3,No
1415,32,Travel_Rarely,906,Sales,3,Life Sciences,Male,4,8,2,Sales Executive,3,5484,16985,14,3,3,2,No
1416,38,Travel_Rarely,849,Research & Development,2,Life Sciences,Female,0,1,3,Research Director,2,12061,26707,17,3,2,3,No
1417,58,Non-Travel,390,Research & Development,4,Life Sciences,Male,1,2,2,Healthcare Representative,3,5660,17056,13,3,2,3,No
1418,31,Travel_Rarely,691,Research & Development,4,Technical Degree,Male,0,3,1,Research Scientist,4,4821,10077,12,3,4,3,No
1419,31,Travel_Rarely,106,Human Resources,3,Human Resources,Male,1,0,2,Human Resources,1,6410,17822,12,3,1,3,No
1420,45,Travel_Frequently,1249,Research & Development,3,Life Sciences,Male,9,11,3,Laboratory Technician,1,5210,20308,18,3,2,3,No
1421,31,Travel_Rarely,192,Research & Development,4,Life Sciences,Male,2,2,1,Research Scientist,4,2695,7747,18,3,2,1,No
1422,33,Travel_Frequently,553,Research & Development,4,Life Sciences,Female,8,8,3,Manager,2,11878,23364,11,3,2,3,No
1423,39,Travel_Rarely,117,Research & Development,1,Medical,Male,11,10,4,Manager,1,17068,5355,14,3,3,3,No
1424,43,Travel_Frequently,185,Research & Development,4,Life Sciences,Female,1,7,1,Laboratory Technician,4,2455,10675,19,3,5,3,No
1425,49,Travel_Rarely,1091,Research & Development,2,Technical Degree,Female,0,7,4,Healthcare Representative,3,13964,17810,12,3,2,3,No
